supplier_name,invoice_number,invoice_date,gross_total
Belnet Mobiel B.V.,BM26-0715,2026-07-01,48.40
Pandhuis Rotterdam Beheer B.V.,2026-07-HS118,2026-07-01,1512.50
Vektorhub Ltd,INV-2026-0704,2026-07-04,54.00
Hostvlak B.V.,HV-26705,2026-07-05,18.15
TankPunt A20 Nieuwerkerk,,2026-07-09,86.39
SuperVers Kralingen,BON 3102,2026-07-14,19.00
Pandhuis Rotterdam Beheer B.V.,2026-08-HS118,2026-07-22,1512.50
RailNed Reizigers B.V.,,2026-07-22,25.20
Drukkerij Van Wijk B.V.,F26-0962,2026-07-24,102.85
Schoonmaakbedrijf Blinkend,2026-0728,2026-07-28,217.80
Belnet Mobiel B.V.,BM26-0815,2026-08-01,48.40
Vektorhub Ltd,INV-2026-0804,2026-08-04,54.00
Hostvlak B.V.,HV-26805,2026-08-05,18.15
TankPunt A20 Nieuwerkerk,,2026-08-05,79.98
Kantoorhuis Maas B.V.,KM-2026-0812,2026-08-14,150.04
ParkeerCentrum Blaak,,2026-08-19,10.41
Pandhuis Rotterdam Beheer B.V.,2026-09-HS118,2026-08-22,1512.50
SuperVers Kralingen,BON 3877,2026-08-27,20.93
Schoonmaakbedrijf Blinkend,2026-0828,2026-08-28,217.80
Fotografie Noorderlicht,2026-024,2026-08-28,363.00
